{"cameraMode":{"drawMode":0,"name":"Shaded","section":"Shading Mode"},"sceneLighting":true,"audioPlay":false,"sceneViewState":{"m_AlwaysRefresh":false,"showFog":true,"showSkybox":true,"showFlares":true,"showImageEffects":true,"showParticleSystems":true,"showVisualEffectGraphs":true,"m_FxEnabled":true},"in2DMode":false,"pivot":{"x":197.46954345703126,"y":152.61289978027345,"z":-397.6515808105469},"rotation":{"x":0.0073973266407847408,"y":0.9921669960021973,"z":-0.10186360776424408,"w":0.07218028604984284},"size":364.2593688964844,"orthographic":false}